"","Statistic","p-value","Normal"
"age",0.924860483282441,6.17771695483925e-22,"NO"
"study_hours_per_day",0.997378116547698,0.106470700892149,"YES"
"social_media_hours",0.994265669362945,0.000727508719140348,"NO"
"netflix_hours",0.982685671609817,1.60865339995721e-09,"NO"
"attendance_percentage",0.98260740505792,1.50293982651844e-09,"NO"
"sleep_hours",0.997266973018837,0.0887759605087786,"YES"
"exercise_frequency",0.91392171215562,2.26375084321747e-23,"NO"
"mental_health_rating",0.938175068346359,5.84129579308376e-20,"NO"
"exam_score",0.986919468670997,8.67502471842346e-08,"NO"
